{
  "bottom": [
    228.90634721,
    228.66307784,
    163.08472454,
    113.93867751
  ],
  "top": [
    239.53094793,
    239.13886009,
    149.58673293,
    133.5435740
  ]
}